DAC_sector_code,DAC_sector_name,DAC_5_code,DAC_5_name,CRS_code,DESCRIPTION,notes,parent_code,cc_id
110,EDUCATION,111,"Éducation, niveau non spécifié",11110,Politique de l’éducation et gestion administrative,"Politique de l’éducation, planification et programmes ; aide aux ministères de l’éducation, à l’administration et au développement de systèmes de gestion, renforcement des capacités institutionnelles et conseils ; gestion et direction des écoles, développement des programmes d’études et des matériels pédagogiques ; activités d’éducation non spécifiées.",,5.3.1
110,EDUCATION,111,"Éducation, niveau non spécifié",11120,Équipements scolaires et formation,"Bâtiments scolaires, équipement, fournitures ; services pour l’éducation (équipement pour les pensionnaires, logement pour le personnel) ; cours de langues ; colloques, séminaires, conférences, etc.",,5.3.13
110,EDUCATION,111,"Éducation, niveau non spécifié",11130,Formation des enseignants,Éducation des enseignants (quand le niveau d’éducation n’est pas spécifié) ; formation et formation continue ; développement des matériels pédagogiques.  ,,5.3.12
110,EDUCATION,111,"Éducation, niveau non spécifié",11182,Recherche en éducation,"Recherche et études sur l’efficacité, la pertinence et la qualité de l’éducation ; évaluation et suivi systématiques. ",,5.3.2
110,EDUCATION,112,Éducation de base,11220,Enseignement primaire,Enseignement primaire formel et non formel pour les enfants ; enseignement élémentaire général ; fournitures scolaires.,,5.3.3
110,EDUCATION,112,Éducation de base,11230,Éducation pour une meilleure qualité de vie pour les jeunes et les adultes,Éducation formelle et non formelle pour une meilleure qualité de vie pour les jeunes et les adultes (éducation des adultes) ; alphabétisation et apprentissage du calcul.,,0
110,EDUCATION,112,Éducation de base,11231,Basic life skills for adults,,11230,5.3.6
110,EDUCATION,112,Éducation de base,11232,Education de base des adultes,,11230,5.3.11
110,EDUCATION,112,Éducation de base,11240,Éducation de la petite enfance ,Éducation préscolaire formelle et non formelle.,,5.3.3
110,EDUCATION,113,Éducation secondaire,11320,Enseignement secondaire,Éducation secondaire généralisée pour les premiers et derniers cycles.,,0
110,EDUCATION,113,Éducation secondaire,11321,Premier cycle de l'enseignement secondaire,,11320,5.3.5
110,EDUCATION,113,Éducation secondaire,11322,Deuxième cycle de l'enseignement secondaire,,11320,5.3.6
110,EDUCATION,113,Éducation secondaire,11330,Formation professionnelle,Formation professionnelle élémentaire et enseignement technique au niveau secondaire ; formation sur le tas ; apprentissage.,,5.3.9
110,EDUCATION,114,Éducation post-secondaire,11420,Enseignement supérieur,"Diplômes universitaires, de l’enseignement supérieur, de technologie ; bourses d’études.",,5.3.8
110,EDUCATION,114,Éducation post-secondaire,11430,Formation technique supérieure de gestion,Formation professionnelle supérieure et formation sur le tas.,,5.3.10
120,SANTE,121,"Santé, général",12110,Politique de la santé et gestion administrative,"Politique de la santé, planification et programmes ; aide aux ministères de la santé ; administration de la santé publique ; renforcement des capacités institutionnelles et conseils ; programmes d’assurance-maladie ; activités de santé non spécifiés.",,5.1.1
120,SANTE,121,"Santé, général",12181,Éducation et formation médicales,Enseignement médical et formation pour les services au niveau tertiaire.,,5.1.1
120,SANTE,121,"Santé, général",12182,Recherche médicale,Recherche médicale (à l’exclusion de la recherche sur la santé de base).,,5.1.1
120,SANTE,121,"Santé, général",12191,Services médicaux,"Laboratoires, centres de santé et hôpitaux spécialisés (y compris l’équipement et les fournitures) ; ambulances ; services dentaires ; santé mentale ; rééducation médicale ; lutte contre les maladies à l’exclusion des maladies infectieuses ; lutte contre la toxicomanie [à l’exclusion du trafic de drogues (16063)].",,5.1.1
120,SANTE,122,Santé de base,12220,Soins et services de santé de base,Programmes de soins sanitaires primaires et de base ; programmes de soins paramédicaux et infirmiers ; approvisionnement en médicaments et en vaccins relatifs aux soins et services de santé de base.,,5.1.1
120,SANTE,122,Santé de base,12230,Infrastructure pour la santé de base,"Hôpitaux régionaux, centres de santé, dispensaires et équipements médicaux ; à l’exclusion des hôpitaux et centres de santé spécialisés (12191).",,5.1.1
120,SANTE,122,Santé de base,12240,Nutrition de base,"Programmes pour l’alimentation (alimentation maternelle, allaitement et alimentation du sevrage, alimentation de l’enfant, alimentation à l’école) ; identification des déficiences nutritives ; fourniture de vitamine A, d’iode, de fer, etc. ; surveillance de l’état nutritionnel ; enseignement de la nutrition et de l’hygiène alimentaire ; alimentation domestique.",,5.1.1
120,SANTE,122,Santé de base,12250,Lutte contre les maladies infectieuses,"Vaccination ;  prévention et lutte contre les maladies infectieuses parasitaires à l’exception du paludisme (12262), de la tuberculose (12263), du VIH/sida et autres MST (13040). Ceci inclus les diarrhées chroniques, les maladies transmises par un vecteur (par exemple onchocercose, bilharziose), les maladies virales, les mycoses, l’helminthiasis, les zoonoses et les maladies provoquées par d’autres bactéries et virus, pédiculose, etc. ",,5.1.1
120,SANTE,122,Santé de base,12261,Éducation sanitaire,"Information, éducation et formation de la population pour l’amélioration des connaissances et des pratiques liées à la santé ; campagnes pour la santé publique et programmes de sensibilisation ; promotion de meilleures pratiques d’hygiène personnelle, notamment de l’utilisation d’équipements sanitaires et du savonnage des mains.",,5.1.1
120,SANTE,122,Santé de base,12262,Lutte contre le paludisme,Prévention et lutte contre le paludisme.,,5.1.1
120,SANTE,122,Santé de base,12263,Lutte contre la tuberculose,"Vaccination, prévention et lutte contre la tuberculose.",,5.1.1
120,SANTE,122,Santé de base,12281,Formation de personnel de santé,Formation du personnel de santé pour les services et les soins sanitaires de base.,,5.1.1
130,POLITIQUE EN MATIERE DE POPULATION/SANTE ET FERTILITE,,,13010,Politique/programmes en matière de population et gestion administrative,"Politique en matière de population et de développement ; recensement, enregistrement des naissances/décès ; données sur la migration ; recherche et analyse démographiques ; recherche en santé et fertilité ; activités de population non spécifiées.",,5.1.1
130,POLITIQUE EN MATIERE DE POPULATION/SANTE ET FERTILITE,,,13020,Soins en matière de fertilité,"Santé et fertilité ; soins prénatals et périnatals, y compris l’accouchement ; prévention et traitement de la stérilité ; prévention et suites de l’avortement ; activités pour une maternité sans risque.",,5.1.1
130,POLITIQUE EN MATIERE DE POPULATION/SANTE ET FERTILITE,,,13030,Planification familiale ,"Conseils en planification familiale ; activités d’information, d’éducation et de communication (IEC) ; distribution de produits contraceptifs ; accroissement des moyens et aptitudes, formation.",,5.1.1
130,POLITIQUE EN MATIERE DE POPULATION/SANTE ET FERTILITE,,,13040,Lutte contre les MST et VIH/sida ,"Toutes activités liées au contrôle des maladies sexuellement transmissibles et du VIH/sida ; activités d’information, éducation et communication ; dépistage ; prévention ; traitement, soins.",,5.1.1
130,POLITIQUE EN MATIERE DE POPULATION/SANTE ET FERTILITE,,,13081,Formation de personnel  en matière de population et de santé et fertilité,Éducation et formation du personnel de santé pour les services de population ainsi que les soins en matière de santé et fertilité.,,5.1.1
140,EAU ET ASSAINISSEMENT,,,14010,Politique et gestion administrative du secteur de l’eau,"Politique et gouvernance du secteur de l’eau, y compris législation, réglementation, planification et gestion ainsi que gestion transfrontalière de l’eau; renforcement des capacités institutionnelles ; activités favorisant une approche intégrée de la gestion des ressources en eau (GIRE).",,4.1.1
140,EAU ET ASSAINISSEMENT,,,14015,Préservation des ressources en eau (y compris collecte de données),"Collecte et utilisation de données quantitatives et qualitatives sur les ressources en eau ; création et mise en commun de connaissances sur l’eau ; préservation et remise en état des eaux intérieures de surface (rivières, lacs, etc.), des nappes souterraines et des eaux côtières ; prévention de la contamination des eaux.",,4.2.4
140,EAU ET ASSAINISSEMENT,,,14020,Approvisionnement en eau et assainissement – systèmes à grande échelle,"Programmes dont les composantes relatives aux codes 14021 et 14022 ne peuvent être identifiées séparément. Lorsque les composantes sont connues, elles devraient être individuellement notifiées sous leurs codes respectifs : approvisionnement en eau [14021], assainissement [14022] et hygiène [12261].",,4.1.4
140,EAU ET ASSAINISSEMENT,,,14021,Approvisionnement en eau – systèmes à grande échelle,Usines de traitement d’eau potable ; ouvrages d’adduction ; stockage ; stations de pompage pour l’approvisionnement en eau ; réseaux d’adduction et de distribution à grande échelle. ,,4.1.6
140,EAU ET ASSAINISSEMENT,,,14022,Assainissement – systèmes à grande échelle,Réseaux d’assainissement à grande échelle y compris égouts et stations de pompage des eaux d’égouts ; usines de traitement des eaux usées domestiques et industrielles.,,4.1.8
140,EAU ET ASSAINISSEMENT,,,14030,Approvisionnement en eau potable et assainissement - dispositifs de base,"Programmes dont les composantes relatives aux codes 14031 et 14032 ne peuvent être identifiées séparément. Lorsque les composantes sont connues, elles devraient être individuellement notifiées sous leurs codes respectifs : approvisionnement en eau [14031], assainissement [14032] et hygiène [12261].",,4.1.3
140,EAU ET ASSAINISSEMENT,,,14031,Approvisionnement en eau potable – dispositifs de base,"Dispositifs ruraux d’approvisionnement en eau reposant sur des pompes manuelles, des captages de sources, des systèmes par gravité, la collecte des eaux de pluie et de brouillard, des citernes, des systèmes simplifiés de distribution avec points d’eau collectifs/branchements partagés. Dispositifs urbains utilisant des pompes manuelles et mini-réseaux, y compris ceux avec branchements partagés et bornes-fontaines. ",,4.1.5
140,EAU ET ASSAINISSEMENT,,,14032,Assainissement – dispositifs de base,"Latrines, dispositifs d’assainissement autonomes et systèmes alternatifs, y compris la promotion d’investissements de la part des ménages et des communautés locales dans la construction d’équipements de ce type. (Utiliser le code 12261 pour les activités de promotion des règles d’hygiène personnelle.)",,4.1.7
140,EAU ET ASSAINISSEMENT,,,14040,Aménagement de bassins fluviaux,Projets de bassins fluviaux centrés sur les infrastructures et activités institutionnelles connexes ; régulation des cours d’eau ; barrages et réservoirs [à l’exclusion des barrages hydroélectriques (23065) et barrages pour l’irrigation (31140) et activités liées au transport fluvial (21040)]. ,,4.2.4
140,EAU ET ASSAINISSEMENT,,,14050,Traitement des déchets,"Au niveau municipal et industriel, y compris les déchets dangereux et toxiques ; enlèvement et traitement ; zones d’enfouissement des déchets ; compost et recyclage.",,4.1.9
140,EAU ET ASSAINISSEMENT,,,14081,Éducation et formation en matière d’approvisionnement en eau et d’assainissement,Activités d’éducation et de formation destinées aux professionnels et fournisseurs de services de ce secteur.,,4.1.2
150,GOUVERNEMENT ET SOCIETE CIVILE,151,"Gouvernement et société civile, général",15110,Politiques publiques et gestion administrative,"Aide au renforcement des institutions visant à consolider les capacités et systèmes principaux de gestion du secteur public. Ceci recouvre la gestion macroéconomique et la gestion d’autres politiques, la coordination, la planification et la réforme ; la gestion des ressources humaines ; le développement organisationnel ; la réforme de la fonction publique ; l’administration électronique ; la planification, le suivi et l’évaluation du développement ; le soutien aux ministères participant à la coordination de l’aide ; d’autres ministères et services gouvernementaux lorsque le secteur ne peut pas être précisé. (Utiliser des codes sectoriels spécifiques pour le renforcement des systèmes et des capacités dans les ministères sectoriels.)",,0
150,GOUVERNEMENT ET SOCIETE CIVILE,151,"Gouvernement et société civile, général",15111,Gestion des finances publiques,"Politique et planification budgétaires ; soutien aux ministères des finances ; renforcement de la responsabilité financière et administrative ; gestion des dépenses publiques ; amélioration des systèmes de gestion financière ; politique et administration fiscales ; préparation du budget ; relations budgétaires intergouvernementales, audit public, dette publique. (Utiliser le code 33120 pour les douanes.)",,0
150,GOUVERNEMENT ET SOCIETE CIVILE,151,"Gouvernement et société civile, général",15112,Décentralisation et soutien aux administrations infranationales,"Processus de décentralisation (y compris aspects politiques, administratifs et budgétaires) ; relations intergouvernementales et fédéralisme ; renforcement des services des administrations régionales et locales, des autorités régionales et locales et de leurs associations nationales. (Utiliser des codes sectoriels spécifiques pour la décentralisation de la gestion et des services sectoriels.)",,0
150,GOUVERNEMENT ET SOCIETE CIVILE,151,"Gouvernement et société civile, général",15113,Organisations et institutions pour la lutte contre la corruption ,"Organisations, institutions et cadres spécialisés dans la prévention et la lutte contre la corruption active et passive, le blanchiment d’argent et d’autres aspects du crime organisé, dotés ou non de pouvoirs pour faire respecter la loi, comme les commissions chargées de la lutte contre la corruption et les organismes de suivi, les services spéciaux d’enquête, les institutions et les initiatives de contrôle de l’intégrité et de l’éthique, les ONG spécialisées, d’autres organisations de citoyens et de la société civile s’occupant directement de lutter contre la corruption.",,2.1.8
150,GOUVERNEMENT ET SOCIETE CIVILE,151,"Gouvernement et société civile, général",15114,Politique macroéconomique,,15110,1.3.1
150,GOUVERNEMENT ET SOCIETE CIVILE,151,"Gouvernement et société civile, général",15116,Contrôle interne national,,15111,1.3.10
150,GOUVERNEMENT ET SOCIETE CIVILE,151,"Gouvernement et société civile, général",15117,Gestion de l'aide et de la dette publique,,15111,1.3.5
150,GOUVERNEMENT ET SOCIETE CIVILE,151,"Gouvernement et société civile, général",15118,Politique fiscale,,15111,1.3.6
150,GOUVERNEMENT ET SOCIETE CIVILE,151,"Gouvernement et société civile, général",15119,Recouvrement de l'impôt,,15111,1.3.7
150,GOUVERNEMENT ET SOCIETE CIVILE,151,"Gouvernement et société civile, général",15121,Affaires étrangères,,15110,1.4.1
150,GOUVERNEMENT ET SOCIETE CIVILE,151,"Gouvernement et société civile, général",15122,Missions diplomatiques,,15110,1.4.2
150,GOUVERNEMENT ET SOCIETE CIVILE,151,"Gouvernement et société civile, général",15123,Aide publique au développement,,15110,1.4.3
150,GOUVERNEMENT ET SOCIETE CIVILE,151,"Gouvernement et société civile, général",15124,Services généraux de personnel,,15110,1.5.1
150,GOUVERNEMENT ET SOCIETE CIVILE,151,"Gouvernement et société civile, général",15125,Services centralisés d'approvisionnement et d'achat,,15110,1.7.2
150,GOUVERNEMENT ET SOCIETE CIVILE,151,"Gouvernement et société civile, général",15126,Autres services généraux,,15110,1.7.4
150,GOUVERNEMENT ET SOCIETE CIVILE,151,"Gouvernement et société civile, général",15130,Développement des services légaux et judiciaires,"Soutien aux institutions, systèmes et procédures du secteur de la justice, aussi bien officiels que non officiels ; soutien aux ministères de la justice et de l’intérieur ; juges et tribunaux ; services de rédaction des actes juridiques ; associations d’avocats et de juristes ; formation juridique professionnelle ; maintien de l’ordre et de la sécurité publique ; gestion des frontières ; organismes chargés de faire respecter la loi, police, prisons et leur supervision ; médiateurs ; mécanismes alternatifs de règlement des conflits, d’arbitrage et de médiation ; aide et conseil juridiques ; pratiques traditionnelles, indigènes et paralégales ne faisant pas partie du système juridique officiel.
Mesures à l’appui de l’amélioration des cadres juridiques, constitutions, lois et réglementations ; rédaction et révision de textes législatifs et constitutionnels ; réforme juridique ; intégration des systèmes légaux officiels et non officiels.
Éducation juridique ; diffusion d’informations sur les droits et les voies de recours en cas d’injustice ; campagnes de sensibilisation.
(Utiliser les codes 152xx pour les activités ayant principalement pour objet de soutenir la réforme des systèmes de sécurité ou entreprises en liaison avec des activités de maintien de la paix à l’issue d’un conflit.)
",,0
150,GOUVERNEMENT ET SOCIETE CIVILE,151,"Gouvernement et société civile, général",15131,"Politiques, planification et administration",,15130,2.1.1
150,GOUVERNEMENT ET SOCIETE CIVILE,151,"Gouvernement et société civile, général",15132,Services de police,,15130,2.1.2
150,GOUVERNEMENT ET SOCIETE CIVILE,151,"Gouvernement et société civile, général",15133,Services de protection contre les incendies,,15130,2.1.3
150,GOUVERNEMENT ET SOCIETE CIVILE,151,"Gouvernement et société civile, général",15134,Justice,,15130,2.1.4
150,GOUVERNEMENT ET SOCIETE CIVILE,151,"Gouvernement et société civile, général",15135,Ombudsman,,15130,2.1.5
150,GOUVERNEMENT ET SOCIETE CIVILE,151,"Gouvernement et société civile, général",15136,Immigration,,15130,2.1.7
150,GOUVERNEMENT ET SOCIETE CIVILE,151,"Gouvernement et société civile, général",15137,Administration pénitentiaire,,15130,2.1.9
150,GOUVERNEMENT ET SOCIETE CIVILE,151,"Gouvernement et société civile, général",15140,"Politiques, planification et administration",,15110,3.1.1
150,GOUVERNEMENT ET SOCIETE CIVILE,151,"Gouvernement et société civile, général",15141,Économie générale,,15110,3.1.2
150,GOUVERNEMENT ET SOCIETE CIVILE,151,"Gouvernement et société civile, général",15142,Elaboration des normes nationales,,15110,3.1.7
150,GOUVERNEMENT ET SOCIETE CIVILE,151,"Gouvernement et société civile, général",15143,Services météorologiques,,15110,3.8.13
150,GOUVERNEMENT ET SOCIETE CIVILE,151,"Gouvernement et société civile, général",15150,Participation démocratique et société civile,"Soutien à l’exercice de la démocratie et à diverses formes de participation des citoyens, excepté les élections (15151) ; instruments de démocratie directe comme les référendums et les initiatives de citoyens ; soutien aux organisations pour représenter et défendre leurs membres, assurer un suivi, participer et demander des comptes aux gouvernements, et pour aider les citoyens à apprendre à agir dans la sphère publique ; programmes d’études et enseignement de l’éducation civique à différents niveaux. (Ce code‑objet est limité aux activités ciblées sur des questions de gouvernance. Lorsque l’aide à la société civile ne concerne pas la gouvernance, utiliser d’autres codes‑objet appropriés.)",,1.7.1
150,GOUVERNEMENT ET SOCIETE CIVILE,151,"Gouvernement et société civile, général",15151,Élections,"Organes et processus de gestion électorale, observation des processus électoraux, éducation civique des électeurs. (Utiliser le code 15230 lorsque les activités se déroulent dans le cadre d'une opération internationale de maintien de la paix.)",,1.8.1
150,GOUVERNEMENT ET SOCIETE CIVILE,151,"Gouvernement et société civile, général",15152,Assemblées législatives et partis politiques,"Aide au renforcement des fonctions clés des assemblées législatives/parlements, y compris des assemblées et conseils infranationaux (représentation ; surveillance ; législation), par exemple amélioration des capacités des organes législatifs, amélioration du fonctionnement des commissions et des procédures administratives des assemblées législatives ; systèmes de gestion de la recherche et de l’information ; mise en place de programmes de formation à l’intention des législateurs et du personnel de soutien. Aide aux partis politiques et renforcement des systèmes de partis.",,1.2.1
150,GOUVERNEMENT ET SOCIETE CIVILE,151,"Gouvernement et société civile, général",15153,Médias et liberté de l’information,"Activités qui favorisent une diffusion libre et non censurée de l’information sur les questions publiques ; activités visant à améliorer les compétences rédactionnelles et techniques, et l’intégrité des médias – presse écrite, radio et télévision – par exemple, formation des journalistes. (Utiliser les codes 22010‑22040 pour la fourniture d’équipements et d’une aide financière aux médias.)",,1.7.4
150,GOUVERNEMENT ET SOCIETE CIVILE,151,"Gouvernement et société civile, général",15154,Exécutif,,15110,1.1.1
150,GOUVERNEMENT ET SOCIETE CIVILE,151,"Gouvernement et société civile, général",15160,Droits de la personne,"Mesures visant à soutenir les institutions et mécanismes spécialisés dans les droits de la personne opérant aux niveaux mondial, régional, national ou local, dans leur mission officielle de promotion et de protection des droits civils et politiques, économiques, sociaux et culturels tels qu’ils sont définis dans les conventions et pactes internationaux ; transposition dans la législation nationale des engagements internationaux concernant les droits de la personne ; notification et suivi ; dialogue sur les droits de la personne.
Défenseurs des droits de la personne et ONG œuvrant dans ce domaine ; promotion des droits de la personne, défense active, mobilisation ; activités de sensibilisation et éducation des citoyens aux droits de la personne.
Élaboration de programmes concernant les droits de la personne, ciblés sur des groupes particuliers, comme les enfants, les individus en situation de handicap, les migrants, les minorités ethniques, religieuses, linguistiques et sexuelles, les populations autochtones et celles qui sont victimes de discrimination de caste, les victimes de la traite d’êtres humains, les victimes de la torture. (Utiliser le code 15230 lorsque les activités se déroulent dans le cadre d'une opération internationale de maintien de la paix).
(Utiliser le code 15230 lorsque les activités sont en rapport avec le maintien de la paix des NU à l’issue d’un conflit.)
",,2.1.6
150,GOUVERNEMENT ET SOCIETE CIVILE,151,"Gouvernement et société civile, général",15170,Organisations et institutions pour l’égalité des femmes,Soutien aux institutions et organisations (gouvernementales et non gouvernementales) qui œuvrent pour l’égalité homme‑femme et l’autonomisation des femmes.,,5.4.5
150,GOUVERNEMENT ET SOCIETE CIVILE,151,"Gouvernement et société civile, général",15181,Financement des collectivités locales,,15112,1.3.8
150,GOUVERNEMENT ET SOCIETE CIVILE,151,"Gouvernement et société civile, général",15182,Autres transferts entre institutions,,15112,1.3.9
150,GOUVERNEMENT ET SOCIETE CIVILE,151,"Gouvernement et société civile, général",15185,Administration publique locale ,,15112,1.7.3
150,GOUVERNEMENT ET SOCIETE CIVILE,151,"Gouvernement et société civile, général",15191,Suivi et evaluation au niveau national,,15110,1.3.11
150,GOUVERNEMENT ET SOCIETE CIVILE,151,"Gouvernement et société civile, général",15192,Planification,,15110,1.3.3
150,GOUVERNEMENT ET SOCIETE CIVILE,152,"Prévention et règlement des conflits, paix et sécurité",15210,Gestion et réforme des systèmes de sécurité,"Coopération technique en faveur des parlements, des ministères publics, des services chargés de faire respecter la loi et des instances judiciaires pour aider à examiner et à réformer les systèmes de sécurité afin d’améliorer la gouvernance démocratique et le contrôle par les civils ; 
coopération technique en faveur des gouvernements à l’appui du renforcement de la supervision civile et du contrôle démocratique sur la budgétisation, la gestion, la transparence et l’audit des dépenses de sécurité, y compris les dépenses militaires, dans le cadre d’un programme d’amélioration de la gestion des dépenses publiques ;
assistance apportée à la société civile en vue de renforcer ses compétences en matière de sécurité et sa capacité de veiller à ce que le système de sécurité soit géré conformément aux normes démocratiques et aux principes de responsabilité, de transparence et de bonne gouvernance. [Autre que dans le cadre d'une opération internationale de maintien de la paix (15230)].",,0
150,GOUVERNEMENT ET SOCIETE CIVILE,152,"Prévention et règlement des conflits, paix et sécurité",15211,"Politiques, planification et administration",,15210,2.2.1
150,GOUVERNEMENT ET SOCIETE CIVILE,152,"Prévention et règlement des conflits, paix et sécurité",15212,Défense civile,,15210,2.2.3
150,GOUVERNEMENT ET SOCIETE CIVILE,152,"Prévention et règlement des conflits, paix et sécurité",15220,"Dispositifs civils de construction de la paix, et de prévention et de règlement des conflits ","Aide à des activités civiles de construction de la paix, et de prévention et de règlement des conflits, y compris renforcement des capacités, suivi, dialogue et échange d’informations. Participation bilatérale à des missions civiles internationales en faveur de la paix comme celles qui sont conduites par le Département des affaires politiques des Nations unies (UNDPA) ou l'Union européenne (Politique européenne de sécurité et de défense), et contributions à des fonds ou commissions civils pour la paix (par exemple, Commission de consolidation de la paix, guichet thématique "" Construction de la paix "" du Fonds pour la réalisation des OMD, etc.). Les contributions peuvent être apportées sous la forme d'un financement ou à travers la fourniture de matériel ou de personnel civil ou militaire (par exemple, pour la formation des civils). (Utiliser le code 15230 pour la participation bilatérale à des opérations internationales de maintien de la paix).",,2.1.10
150,GOUVERNEMENT ET SOCIETE CIVILE,152,"Prévention et règlement des conflits, paix et sécurité",15230,Participation à des opérations internationales de maintien de la paix,"Participation bilatérale à des opérations de maintien de la paix mandatées ou autorisées par les Nations unies (NU) à travers des résolutions du Conseil de sécurité, et conduites par des organisations internationales, par exemple les Nations unies, l’OTAN, l’Union européenne (opérations liées à la sécurité dans le cadre de la Politique européenne de sécurité et de défense) ou des groupements régionaux de pays en développement.
Les contributions directes au budget du Département des opérations de maintien de la paix des NU (UNDPKO) ne sont pas à notifier comme opérations bilatérales (elles comptent en partie comme APD multilatérale, voir l’annexe 9).
Les activités qui peuvent être notifiées au titre de l’APD bilatérale sous ce code sont uniquement les suivantes : droits de l’homme et supervision des élections ; réinsertion des soldats démobilisés ; remise en état des infrastructures de base du pays ; supervision ou recyclage des administrateurs civils et des forces de police ; réforme des systèmes de sécurité et autres activités liées à l’État de droit ; formation aux procédures douanières et de contrôle aux frontières ; conseil ou formation concernant les politiques budgétaires ou macroéconomiques de stabilisation ; rapatriement et démobilisation des factions armées et destruction de leurs armes ; déminage. Les activités d’imposition de la paix entreprises dans le cadre des opérations internationales de maintien de la paix ne sont comptabilisables dans l’APD.
Les contributions bilatérales comptabilisables dans l’APD au titre des opérations de maintien de la paix peuvent être apportées sous la forme d’un financement ou à travers la fourniture de matériel ou de personnel militaire ou civil (par exemple, fonctionnaires de police). Le coût à notifier est donné par le surcoût encouru pour l’entretien du personnel et du matériel du fait qu’ils ont pris part à une opération de maintien de la paix. Les coûts relatifs aux contingents militaires participant à des opérations de maintien de la paix de l’UNDPKO ne sont pas comptabilisables en APD.
Les opérations internationales de maintien de la paix peuvent comprendre des activités de type humanitaire (contributions apportées sous la forme de matériel ou de personnel), comme celles qui sont décrites sous les codes 7xxxx. Elles doivent être incluses sous le code 15230 si elles font partie intégrante des activités ci-dessus, sinon elles doivent être notifiées sous l’aide humanitaire.
NB : Lors de l’utilisation de ce code, indiquer le nom de l’opération dans la description succincte de l’activité notifiée.
",,2.1.10
150,GOUVERNEMENT ET SOCIETE CIVILE,152,"Prévention et règlement des conflits, paix et sécurité",15240,Réintégration et contrôle des armes légères et de petit calibre,"Réinsertion du personnel militaire démobilisé dans la vie économique et civile ; conversion des usines d’armes en usines de produits à usage civil ; coopération technique destinée à contrôler, prévenir et/ou réduire la prolifération d’armes légères et de petit calibre – voir le paragraphe 80 des Directives pour la définition des activités couvertes. [Autre que dans le cadre d’une opération internationale de maintien de la paix (15230) ou  enfants soldats (15261)].",,2.1.11
150,GOUVERNEMENT ET SOCIETE CIVILE,152,"Prévention et règlement des conflits, paix et sécurité",15250,Enlèvement des mines terrestres et restes explosifs de guerre,"Toutes les activités liées aux mines terrestres et aux restes explosifs de guerre dont le but essentiel est de bénéficier aux pays en développement, y compris l'enlèvement des mines terrestres et des restes explosifs de guerre et la destruction des stocks à des fins de développement [autre qu'en rapport avec la participation à des opérations internationales de maintien de la paix (15230)] ; sensibilisation au risque ; réhabilitation, réinsertion et assistance aux victimes, et les activités de recherche et développement sur le déminage. Seules les activités menées à fins civiles sont éligibles à l'APD.",,2.2.3
150,GOUVERNEMENT ET SOCIETE CIVILE,152,"Prévention et règlement des conflits, paix et sécurité",15261,Enfants soldats (Prévention et démobilisation) ,"Coopération technique en faveur des gouvernements – et assistance aux organisations de la société civile – à l’appui de l’adoption et de l’application de lois destinées à empêcher le recrutement d’enfants en tant que soldats ; appui à la démobilisation, au désarmement, à la réinsertion, au rapatriement et à la réintégration (DDR) des enfants soldats. ",,2.1.11
160,INFRASTRUCTURE ET SERVICES SOCIAUX DIVERS,,,16010,Services sociaux,"Législation et administration sociales ; renforcement des capacités institutionnelles et conseils ; sécurité sociale et autres plans sociaux ; programmes spécifiques pour les personnes âgées, orphelins, handicapés, enfants abandonnés ; dimensions sociales de l’ajustement structurel ; infrastructure et services sociaux non spécifiés, y compris la protection des consommateurs.",,0
160,INFRASTRUCTURE ET SERVICES SOCIAUX DIVERS,,,16011,"Politiques, planification et administration",,16010,5.4.1
160,INFRASTRUCTURE ET SERVICES SOCIAUX DIVERS,,,16012,Protection sociale (excluant retraite),,16010,5.4.2
160,INFRASTRUCTURE ET SERVICES SOCIAUX DIVERS,,,16013,Retraites,,16010,5.4.3
160,INFRASTRUCTURE ET SERVICES SOCIAUX DIVERS,,,16014,Régimes de retraite du personnel militaire et des fonctionnaires,,16010,5.4.4
160,INFRASTRUCTURE ET SERVICES SOCIAUX DIVERS,,,16015,"Protection sociale (y compris jeunes, femmes et enfants)",,16010,5.4.5
160,INFRASTRUCTURE ET SERVICES SOCIAUX DIVERS,,,16020,Politique de l’emploi et gestion administrative,Politique et planification de l’emploi ; législation ; syndicats ; renforcement des capacités institutionnelles et conseils ; programmes de l’aide aux chômeurs ; programmes de création d’emplois et de génération de revenus ; sécurité et santé dans le travail ; lutte contre le travail des enfants.,,3.1.6
160,INFRASTRUCTURE ET SERVICES SOCIAUX DIVERS,,,16030,Politique du logement et gestion administrative,"Politique du logement, planification et programmes ; à l’exclusion du logement à coût réduit (16040).",,5.4.9
160,INFRASTRUCTURE ET SERVICES SOCIAUX DIVERS,,,16040,Logement à coût réduit,Y compris la suppression des bidonvilles.,,5.4.9
160,INFRASTRUCTURE ET SERVICES SOCIAUX DIVERS,,,16050,Aide plurisectorielle pour les services sociaux de base,"Les services sociaux de base incluent l’éducation de base, la santé de base, les activités en matière de population/santé et fertilité ainsi que les systèmes de distribution d’eau potable de base et assainissement de base.",,0
160,INFRASTRUCTURE ET SERVICES SOCIAUX DIVERS,,,16061,Culture et loisirs,Y compris bibliothèques et musées.,,0
160,INFRASTRUCTURE ET SERVICES SOCIAUX DIVERS,,,16062,Renforcement des capacités statistiques,Dans les offices statistiques nationaux et les autres ministères concernés.,,1.6.1
160,INFRASTRUCTURE ET SERVICES SOCIAUX DIVERS,,,16063,Lutte contre le trafic de drogues,"Contrôles intérieurs et contrôles douaniers y compris la formation de la police, programmes d’éducation et de sensibilisation pour limiter le trafic de drogues et la distribution domestique1.

La comptabilisation dans l’APD des dépenses liées à la lutte contre le trafic de drogues est limitée aux activités qui se focalisent sur le développement économique et l’amélioration du niveau de vie, y compris les programmes de développement alternatifs et la substitution des plantations. Les activités financées par les donneurs pour interdire les provisions de drogues, détruire les plantations ou former ou financer le personnel militaire dans les activités de lutte contre la drogue ne sont pas comptabilisées dans l’APD.
",,2.1.2
160,INFRASTRUCTURE ET SERVICES SOCIAUX DIVERS,,,16064,Atténuation de l’impact social du VIH/sida ,"Programmes spéciaux visant les conséquences sociales du VIH/sida, par exemple assistance sociale, juridique et économique aux personnes vivant avec le VIH/sida y compris sécurité alimentaire et emploi ; soutien aux groupes vulnérables et aux enfants orphelins du sida ; droits de l’homme pour les personnes atteintes par le VIH/sida.",,5.1.1
160,INFRASTRUCTURE ET SERVICES SOCIAUX DIVERS,,,16065,Récréation et sport,,16061,5.2.1
160,INFRASTRUCTURE ET SERVICES SOCIAUX DIVERS,,,16066,Culture,,16061,5.2.2
160,INFRASTRUCTURE ET SERVICES SOCIAUX DIVERS,,,16067,Religion,,16061,5.2.4
210,TRANSPORTS ET ENTREPOSAGE,,,21010,Politique des transports et gestion administrative,"Politique des transports, planification et programmes ; aide aux ministères du transport ; renforcement des capacités institutionnelles et conseils ; transports non spécifiés ; activités qui recouvrent le transport routier, le transport ferroviaire, le transport par voies d’eau et/ou le transport aérien.",,0
210,TRANSPORTS ET ENTREPOSAGE,,,21011,"Politiques, planification et administration",,21010,3.8.1
210,TRANSPORTS ET ENTREPOSAGE,,,21012,Pipelines,,21010,3.8.10
210,TRANSPORTS ET ENTREPOSAGE,,,21013,Transports en commun,,21010,3.8.12
210,TRANSPORTS ET ENTREPOSAGE,,,21014,Réglementation des transports,,21010,3.8.2
210,TRANSPORTS ET ENTREPOSAGE,,,21020,Transport routier,"Infrastructure routière, véhicules ; transport routier de voyageurs, voitures particulières.",,0
210,TRANSPORTS ET ENTREPOSAGE,,,21021,Construction des voies de desserte,,21020,3.8.3
210,TRANSPORTS ET ENTREPOSAGE,,,21022,Entretien des voies de desserte,,21020,3.8.4
210,TRANSPORTS ET ENTREPOSAGE,,,21023,Construction des routes nationales,,21020,3.8.5
210,TRANSPORTS ET ENTREPOSAGE,,,21024,Entretien des  routes nationales,,21020,3.8.6
210,TRANSPORTS ET ENTREPOSAGE,,,21030,Transport ferroviaire,"Infrastructure ferroviaire, matériel ferroviaire, locomotives, autre matériel roulant ; y compris les tramways et les métropolitains.",,3.8.7
210,TRANSPORTS ET ENTREPOSAGE,,,21040,Transport par voies d’eau,"Ports et docks, systèmes de guidage, navires et bateaux ; transport sur voies navigables intérieures, bateaux de voies d’eau intérieures.",,3.8.8
210,TRANSPORTS ET ENTREPOSAGE,,,21050,Transport aérien,"Aéroports, systèmes de guidage, avions, équipement d’entretien des avions.",,3.8.9
210,TRANSPORTS ET ENTREPOSAGE,,,21061,Stockage,Associé ou non au transport.,,3.8.11
210,TRANSPORTS ET ENTREPOSAGE,,,21081,Éducation/formation dans les transports et le stockage,,,3.8.14
220,COMMUNICATIONS,,,22010,Politique des communications et gestion administrative,"Politique des communications, planification et programmes ; renforcement des capacités institutionnelles et conseils ; y compris développement des services postaux ; activités de communications non spécifiées.",,0
220,COMMUNICATIONS,,,22011,"Politiques, planification et administration",,22010,3.10.1
220,COMMUNICATIONS,,,22012,Télécommunications et services postaux,,22010,3.10.3
220,COMMUNICATIONS,,,22013,Services d'information,,22010,3.10.4
220,COMMUNICATIONS,,,22020,Télécommunications,"Réseaux de téléphones, satellites, stations terrestres.",,3.10.3
220,COMMUNICATIONS,,,22030,"Radio, télévision, presse écrite",Liaisons et équipement ; journaux ; imprimerie et édition.,,5.2.3
220,COMMUNICATIONS,,,22040,Technologies de l’information et de la communication (TIC),Matériel informatique et logiciels ; accès Internet ; formations aux TI. Lorsque le secteur ne peut pas être spécifié.  ,,3.10.2
230,PRODUCTION ET DISTRIBUTION D’ENERGIE,,,23010,Politique de l’énergie et gestion administrative,"Politique de l’énergie, planification et programmes ; aide aux ministères de l’énergie ; renforcement des capacités institutionnelles et conseils ; activités non spécifiées dans le domaine de l’énergie y compris les économies d’énergie.",,0
230,PRODUCTION ET DISTRIBUTION D’ENERGIE,,,23011,"Politiques, planification et administration",,23010,3.6.1
230,PRODUCTION ET DISTRIBUTION D’ENERGIE,,,23012,Réglementation de l'énergie,,23010,3.6.3
230,PRODUCTION ET DISTRIBUTION D’ENERGIE,,,23020,Production d’énergie (sources non renouvelables),Centrales thermiques (lorsque la source de chaleur ne peut être déterminée) ; centrales alimentées au gaz et au charbon.,,3.6.6
230,PRODUCTION ET DISTRIBUTION D’ENERGIE,,,23030,Production d’énergie (sources renouvelables),"Y compris politique et planification, programmes de développement, études et primes. Production de bois de chauffage et de charbon de bois devrait être incluse dans sylviculture (31261).",,3.6.6
230,PRODUCTION ET DISTRIBUTION D’ENERGIE,,,23040,Transmission et distribution d’électricité,Distribution de la source d’énergie au consommateur ; lignes de transmission.,,3.6.4
230,PRODUCTION ET DISTRIBUTION D’ENERGIE,,,23050,Distribution de gaz,Distribution au consommateur. ,,3.6.7
230,PRODUCTION ET DISTRIBUTION D’ENERGIE,,,23061,Centrales alimentées au fuel,Y compris les centrales alimentées au gas-oil.,,3.6.6
230,PRODUCTION ET DISTRIBUTION D’ENERGIE,,,23062,Centrales alimentées au gaz,,,3.6.6
230,PRODUCTION ET DISTRIBUTION D’ENERGIE,,,23063,Centrales alimentées au charbon,,,3.6.6
230,PRODUCTION ET DISTRIBUTION D’ENERGIE,,,23064,Centrales nucléaires,"Y compris la sécurité nucléaire.
L’aide visant à favoriser une utilisation pacifique de l’énergie nucléaire est comptabilisable dans l’APD. À titre d’exemples, on citera : la construction ou le déclassement de centrales nucléaires à des fins civiles, le développement ou la fourniture d’isotopes médicaux, l’irradiation des aliments et d’autres applications industrielles et commerciales. Sont par contre exclues les activités de recherche sur les armes nucléaires et les applications militaires de la technologie nucléaire.
",,3.6.5
230,PRODUCTION ET DISTRIBUTION D’ENERGIE,,,23065,Centrales et barrages hydroélectriques,Y compris les installations sur les barges.,,3.6.6
230,PRODUCTION ET DISTRIBUTION D’ENERGIE,,,23066,Énergie géothermique,,,3.6.6
230,PRODUCTION ET DISTRIBUTION D’ENERGIE,,,23067,Énergie solaire,Y compris les cellules photovoltaïques et les pompes à énergie solaire.,,3.6.6
230,PRODUCTION ET DISTRIBUTION D’ENERGIE,,,23068,Énergie éolienne,Énergie éolienne pour l’hydrodynamique et la production d’électricité.,,3.6.6
230,PRODUCTION ET DISTRIBUTION D’ENERGIE,,,23069,Énergie marémotrice,"Y compris la conversion de l’énergie thermique marine, la puissance des marées et des vagues.",,3.6.6
230,PRODUCTION ET DISTRIBUTION D’ENERGIE,,,23070,Biomasse ,"Technologies de densification et utilisation de la biomasse pour la production d’énergie directe, y compris le gaz obtenu par fermentation de la canne à sucre et d’autres résidus végétaux, et par anaérobie.",,3.6.6
230,PRODUCTION ET DISTRIBUTION D’ENERGIE,,,23081,Éducation et formation dans le domaine de l’énergie,Se rapporte à tous les sous-secteurs de l’énergie et à tous les niveaux de formation.,,3.6.2
230,PRODUCTION ET DISTRIBUTION D’ENERGIE,,,23082,Recherche dans le domaine de l’énergie,Y compris inventaires et études.,,3.6.1
240,BANQUES ET SERVICES FINANCIERS,,,24010,Politique des finances et gestion administrative,"Politique des finances, planification et  programmes ; renforcement des capacités institutionnelles et conseils ; marchés et systèmes financiers.",,1.3.13
240,BANQUES ET SERVICES FINANCIERS,,,24020,Institutions monétaires,Banques centrales.,,1.3.12
240,BANQUES ET SERVICES FINANCIERS,,,24030,Intermédiaires financiers officiels,"Tous les intermédiaires financiers dans le secteur formel ; lignes de crédit ; assurance, crédit-bail, capital-risque, etc. (sauf ceux spécialisés dans un seul secteur).",,3.12.1
240,BANQUES ET SERVICES FINANCIERS,,,24040,Intermédiaires financiers du secteur informel et semi formel,"Micro crédits, coopératives d’épargne et de crédit, etc.",,3.12.1
240,BANQUES ET SERVICES FINANCIERS,,,24081,Éducation/formation dans la banque et les services financiers  ,,,3.12.1
250,ENTREPRISES ET AUTRES SERVICES,,,25010,Services et institutions de soutien commerciaux,"Soutien aux associations de commerce et d’entreprises, chambres de commerce ; réformes juridiques et réglementaires afin d’améliorer les activités liées à l’entreprise ; renforcement des capacités institutionnelles du secteur privé et conseils ; information commerciale ; réseaux de liaison entre les secteurs public et privé y compris les foires commerciales ; commerce électronique. Quand le secteur ne peut pas être spécifié : soutien général aux entreprises du secteur privé. En particulier, pour les entreprises du secteur industriel, c’est le code 32130 qui doit être utilisé.",,3.1.3
250,ENTREPRISES ET AUTRES SERVICES,,,25020,Privatisation,"Lorsque le secteur ne peut être spécifié. Y compris programmes de restructuration d’entreprises publiques et de démonopolisation ; planification, programmation, conseils.",,3.1.4
311,AGRICULTURE,,,31110,Politique agricole et gestion administrative,"Politique agricole, planification et programmes ; aide aux ministères de l’agriculture ; renforcement des capacités institutionnelles et conseils ; activités d’agriculture non spécifiées.",,3.3.1
311,AGRICULTURE,,,31120,Développement agricole,Projets intégrés ; développement d’exploitations agricoles.,,3.3.1
311,AGRICULTURE,,,31130,Ressources en terres cultivables,"Y compris la lutte contre la dégradation des sols ; amélioration des sols ; drainage des zones inondées ; dessalage des sols ; études des terrains agricoles ; remise en état des sols ; lutte contre l’érosion, lutte contre la désertification.",,3.3.1
311,AGRICULTURE,,,31140,Ressources en eau à usage agricole,"Irrigation, réservoirs, structures hydrauliques, exploitation de nappes phréatiques. ",,3.3.2
311,AGRICULTURE,,,31150,Produits à usage agricole,"Approvisionnement en semences, engrais, matériel et outillage agricoles.",,3.3.3
311,AGRICULTURE,,,31161,Production agricole,"Y compris céréales (froment, riz, orge, maïs, seigle, avoine, millet, sorgho) ; horticulture ; légumes ; fruits et baies ; autres cultures annuelles et pluriannuelles. [Utiliser le code 32161 pour les agro-industries.]",,3.3.4
311,AGRICULTURE,,,31162,Récoltes destinées à l’exportation,"Y compris sucre ; café, cacao, thé ; oléagineux, graines, noix, amandes ; fibres ; tabac ; caoutchouc. [Utiliser le  code 32161 pour les agro-industries.]",,3.3.5
311,AGRICULTURE,,,31163,Bétail,Toutes formes d’élevage ; aliments pour animaux.,,3.3.6
311,AGRICULTURE,,,31164,Réforme agraire,Y compris ajustement structurel dans le secteur agricole.,,3.3.8
311,AGRICULTURE,,,31165,Développement agricole alternatif,Projets afin de réduire les cultures illicites (drogue) à travers d’autres opportunités de marketing et production agricoles (voir code 43050 pour développement alternatif non agricole).,,3.3.8
311,AGRICULTURE,,,31166,Vulgarisation agricole,Formation agricole non formelle.,,3.3.7
311,AGRICULTURE,,,31181,Éducation et formation dans le domaine agricole,,,3.3.7
311,AGRICULTURE,,,31182,Recherche agronomique,"Étude des espèces végétales, physiologie, ressources génétiques, écologie, taxonomie, lutte contre les maladies, biotechnologie agricole ; y compris recherche vétérinaire (dans les domaines génétiques et sanitaires, nutrition, physiologie).",,3.3.8
311,AGRICULTURE,,,31191,Services agricoles,Organisation et politiques des marchés ; transport et stockage ; établissements de réserves stratégiques.,,3.3.9
311,AGRICULTURE,,,31192,"Protection des plantes et des récoltes, lutte antiacridienne","Y compris la protection intégrée des plantes, les activités de protection biologique des plantes, la fourniture et la gestion de substances agrochimiques, l’approvisionnement en pesticides ; politique et législation de la protection des plantes.",,3.3.9
311,AGRICULTURE,,,31193,Services financiers agricoles,"Intermédiaires financiers du secteur agricole, y compris les plans de crédit ; assurance récoltes.",,3.3.9
311,AGRICULTURE,,,31194,Coopératives agricoles,Y compris les organisations d’agriculteurs. ,,3.3.9
311,AGRICULTURE,,,31195,Services vétérinaires (bétail),"Santé des animaux, ressources génétiques et nutritives.",,3.3.6
312,SYLVICULTURE,,,31210,Politique de la sylviculture et gestion administrative,"Politique de la sylviculture, planification et programmes ; renforcement des capacités institutionnelles et conseils ; études des forêts ; activités sylvicoles et agricoles liées à la sylviculture non spécifiées.",,3.4.1
312,SYLVICULTURE,,,31220,Développement sylvicole,"Boisement pour consommation rurale et industrielle ; exploitation et utilisation ; lutte contre l’érosion, lutte contre la désertification ; projets intégrés.",,3.4.2
312,SYLVICULTURE,,,31261,Reboisement (bois et charbon de bois),Développement sylvicole visant à la production de bois de chauffage et de charbon de bois. ,,3.4.2
312,SYLVICULTURE,,,31281,Éducation et formation en sylviculture,,,3.4.3
312,SYLVICULTURE,,,31282,Recherche en sylviculture,"Y compris reproduction artificielle et amélioration des espèces, méthodes de production, engrais, coupe et ramassage du bois.",,3.4.4
312,SYLVICULTURE,,,31291,Services sylvicoles,,,3.4.2
313,PECHE,,,31310,Politique de la pêche et gestion administrative,"Politique de la pêche, planification et programmes ; renforcement des capacités institutionnelles et conseils ; pêche hauturière et côtière ; évaluation, études et prospection du poisson en milieu marin et fluvial ; bateaux et équipements de pêche ; activités de pêche non spécifiées.",,3.5.1
313,PECHE,,,31320,Développement de la pêche,Exploitation et utilisation des pêcheries ; sauvegarde des bancs de poisson ; aquaculture ; projets intégrés.,,3.5.2
313,PECHE,,,31381,Éducation et formation dans le domaine de la pêche,,,3.5.3
313,PECHE,,,31382,Recherche dans le domaine de la pêche,Pisciculture pilote ; recherche biologique aquatique.,,3.5.4
313,PECHE,,,31391,Services dans le domaine de la pêche,Ports de pêche ; vente des produits de la pêche ; transport et entreposage frigorifique du poisson.,,3.5.2
321,INDUSTRIES MANUFACTURIERES,,,32110,Politique de l’industrie et gestion administrative,"Politique de l’industrie, planification et programmes ; renforcement des capacités institutionnelles et conseils ; activités industrielles non spécifiées ; industries manufacturières non spécifiées ci-dessous.",,3.9.1
321,INDUSTRIES MANUFACTURIERES,,,32120,Développement industriel,,,3.9.2
321,INDUSTRIES MANUFACTURIERES,,,32130,Développement des PME,"Soutien direct au développement des petites et moyennes entreprises dans le secteur industriel, y compris la comptabilité, l’audit et les services de conseil. ",,3.9.2
321,INDUSTRIES MANUFACTURIERES,,,32140,Artisanat,,,3.9.4
321,INDUSTRIES MANUFACTURIERES,,,32161,Agro-industries,"Industries alimentaires de base, abattoirs et équipements nécessaires, industrie laitière et conserves de viande et de poisson, industries des corps gras, sucreries, production de boissons, tabac, production d’aliments pour animaux.",,3.9.4
321,INDUSTRIES MANUFACTURIERES,,,32162,Industries forestières,"Industrie et travail du bois, production de papier et pâte à papier.",,3.9.4
321,INDUSTRIES MANUFACTURIERES,,,32163,"Industrie textile, cuirs et produits similaires",Y compris bonneterie. ,,3.9.4
321,INDUSTRIES MANUFACTURIERES,,,32164,Produits chimiques,Production industrielle et non industrielle ; y compris fabrication des pesticides.,,3.9.4
321,INDUSTRIES MANUFACTURIERES,,,32165,Production d’engrais chimiques,,,3.9.4
321,INDUSTRIES MANUFACTURIERES,,,32166,"Ciment, chaux et plâtre",,,3.9.4
321,INDUSTRIES MANUFACTURIERES,,,32167,Fabrication d’énergie,Y compris liquéfaction du gaz ; raffineries de pétrole.,,3.9.4
321,INDUSTRIES MANUFACTURIERES,,,32168,Produits pharmaceutiques,Matériel médical et fournitures médicales ; médicaments et vaccins ; produits d’hygiène corporelle.,,3.9.4
321,INDUSTRIES MANUFACTURIERES,,,32169,Industrie métallurgique de base,"Sidérurgie, éléments de construction métallique.",,3.9.4
321,INDUSTRIES MANUFACTURIERES,,,32170,Industries des métaux non ferreux,,,3.9.4
321,INDUSTRIES MANUFACTURIERES,,,32171,Construction mécanique et électrique,"Fabrication de machines électriques et non électriques, moteurs et turbines.",,3.9.4
321,INDUSTRIES MANUFACTURIERES,,,32172,Matériel de transport,"Construction de navires, construction de bateaux de pêche ; construction de matériel ferroviaire ; véhicules automobiles et voitures particulières ; construction aéronautique ; systèmes de navigation et de guidage.",,3.9.4
321,INDUSTRIES MANUFACTURIERES,,,32182,Recherche et développement technologiques,Y compris les standards industriels ; gestion et contrôle de qualité ; métrologie ; accréditation ; certification.,,3.9.3
322,INDUSTRIES EXTRACTIVES,,,32210,Politique de l’industrie extractive et gestion administrative,"Politique du secteur des industries extractives, planification et programmes ; législation et cadastre, recensement des richesses minérales, systèmes d’information ; renforcement des capacités institutionnelles et conseils ; exploitation des ressources minérales non spécifiées.",,0
322,INDUSTRIES EXTRACTIVES,,,32211,"Politiques, planification et administration",,32210,3.7.1
322,INDUSTRIES EXTRACTIVES,,,32212,Minéraux non combustibles ,,32210,3.7.6
322,INDUSTRIES EXTRACTIVES,,,32220,Prospection et exploration des minerais,"Géologie, géophysique et géochimie ; à l’exclusion de hydrogéologie (14010) et géologie de l’environnement (41010), production et extraction minérales, infrastructure, technologie, économie, sécurité et gestion de l’environnement.",,3.7.2
322,INDUSTRIES EXTRACTIVES,,,32261,Charbon,Y compris lignite et la tourbe.,,3.7.3
322,INDUSTRIES EXTRACTIVES,,,32262,Pétrole et gaz,"Pétrole, gaz naturel, condensés ; y compris derricks et plates-formes de forage.",,3.7.4
322,INDUSTRIES EXTRACTIVES,,,32263,Métaux ferreux,Fer et alliages.,,3.7.6
322,INDUSTRIES EXTRACTIVES,,,32264,Métaux non ferreux,"Aluminium, cuivre, plomb, nickel, étain et zinc.",,3.7.6
322,INDUSTRIES EXTRACTIVES,,,32265,Métaux et minerais précieux,"Or, argent, platine, diamant et pierres précieuses.",,3.7.6
322,INDUSTRIES EXTRACTIVES,,,32266,Minerais industriels,"Baryte, chaux, feldspath, kaolin, sable, gypse, gravier, pierres d’ornement.",,3.7.6
322,INDUSTRIES EXTRACTIVES,,,32267,Engrais minéraux,"Phosphates, potasse.",,3.7.6
322,INDUSTRIES EXTRACTIVES,,,32268,Ressources des fonds marins,"Nodules métalliques, phosphorites, sédiments marins.",,3.7.6
323,CONSTRUCTION,,,32310,Politique de la construction et gestion administrative,"Politique du secteur de la construction, planification ; ne comprend pas les activités de construction identifiables par secteur (par exemple, construction d’hôpitaux ou de bâtiments scolaires).",,0
323,CONSTRUCTION,,,32311,"Politiques, planification et administration",,32310,3.2.1
323,CONSTRUCTION,,,32312,Contrôle de l'industrie de la construction,,32310,3.2.2
323,CONSTRUCTION,,,32313,Services mécaniques,,32310,3.2.3
332,TOURISME,,,33210,Politique du tourisme et gestion administrative,,,0
332,TOURISME,,,33211,"Politiques, planification et administration",,33210,3.11.1
332,TOURISME,,,33212,Autres services,,33210,3.11.2
331,POLITIQUE COMMERCIALE ET REGLEMENTATIONS ET AJUSTMENT LIE AU COMMERCE,,,33110,Politique commerciale et gestion administrative,Politique commerciale et planification ; soutien aux ministères et départements responsables de la politique commerciale ; législation et réformes réglementaires dans le domaine du commerce ; analyse politique et mise en œuvre des accords commerciaux multilatéraux ex. sur les obstacles techniques au commerce et les mesures sanitaires et phytosanitaires sauf au niveau régional (voir 33130) ; intégration du commerce dans les stratégies nationales de développement (ex cadres stratégiques de la lutte contre la pauvreté) ; commerce de gros et de détail ; activités non spécifiées dans le domaine du commerce et de la promotion du commerce.,,3.1.5
331,POLITIQUE COMMERCIALE ET REGLEMENTATIONS ET AJUSTMENT LIE AU COMMERCE,,,33120,Facilitation du commerce ,"Simplification et harmonisation des procédures internationales d’importation et d’exportation (ex. évaluations de douane, procédures de licences, formalités de transport, paiements, assurances) ; soutien aux départements douaniers ; réformes tarifaires.",,3.1.5
331,POLITIQUE COMMERCIALE ET REGLEMENTATIONS ET AJUSTMENT LIE AU COMMERCE,,,33130,Accords commerciaux régionaux,"Soutien aux accords commerciaux régionaux [ex. Southern African Development Community (SADC), Association of Southeast Asian Nations (ASEAN), Zone de libre-échange des Amériques (ZLEA), Pays d’Afrique, des Caraïbes et du Pacifique/Union européenne (ACP/UE)] ; y compris le travail sur les obstacles techniques au commerce et les mesures sanitaires et phytosanitaires au niveau régional ; élaboration de règles d’origine et introduction de traitement spécial et différencié dans les accords commerciaux régionaux.",,3.1.5
331,POLITIQUE COMMERCIALE ET REGLEMENTATIONS ET AJUSTMENT LIE AU COMMERCE,,,33140,Négociations commerciales multilatérales,"Soutien à la participation effective des bénéficiaires de l’aide aux négociations commerciales multilatérales, y compris la formation de négociateurs, l’évaluation de l’impact des négociations ; accession à l’OMC et aux autres organisations multilatérales liées au commerce.",,3.1.5
331,POLITIQUE COMMERCIALE ET REGLEMENTATIONS ET AJUSTMENT LIE AU COMMERCE,,,33150,Ajustement lié au commerce,Contributions au budget du gouvernement non réservées afin de soutenir la mise en œuvre des propres réformes commerciales du bénéficiaire et de ses ajustements aux politiques commerciales des autres pays ; assistance à la gestion des déficits de la balance des paiements dus au changement de l'environnement mondial du commerce. ,,3.1.5
331,POLITIQUE COMMERCIALE ET REGLEMENTATIONS ET AJUSTMENT LIE AU COMMERCE,,,33181,Éducation/formation dans le domaine du commerce,Développement des ressources humaines dans le domaine du commerce non compris dans les codes ci-dessous.  Comprend les programmes universitaires dans le domaine du commerce.,,3.1.5
400,DESTINATION  PLURI-SECTO-RIELLE OU TRANSVERSALE,410,"Protection de l’environnement, général",41010,Politique de l’environnement et gestion administrative,"Politique de l’environnement, lois et réglementations environnementales ; institutions et pratiques administratives ; planification de l’environnement et de l’utilisation des terres, procédures de décisions ; séminaires, réunions ; actions de préservation et de protection non spécifiées ci-dessous.",,4.2.1
400,DESTINATION  PLURI-SECTO-RIELLE OU TRANSVERSALE,410,"Protection de l’environnement, général",41020,Protection de la biosphère,"Lutte contre la pollution de l’air, protection de la couche d’ozone ; lutte contre la pollution marine.",,4.2.3
400,DESTINATION  PLURI-SECTO-RIELLE OU TRANSVERSALE,410,"Protection de l’environnement, général",41030,Diversité biologique,Y compris réserves naturelles et actions dans les régions environnantes ; autres mesures visant à protéger les espèces menacées dans leur habitat naturel (par exemple la protection des marécages).,,4.2.5
400,DESTINATION  PLURI-SECTO-RIELLE OU TRANSVERSALE,410,"Protection de l’environnement, général",41040,Protection des sites,"Se rapporte à un paysage culturel exceptionnel ; y compris des sites et des objets d’une valeur historique, archéologique, esthétique, scientifique ou éducative.",,4.2.5
400,DESTINATION  PLURI-SECTO-RIELLE OU TRANSVERSALE,410,"Protection de l’environnement, général",41050,Prévention et lutte contre les inondations,Inondations de la mer et des rivières ; y compris la lutte contre l’avancée et la montée du niveau de l’eau de la mer.,,4.2.4
400,DESTINATION  PLURI-SECTO-RIELLE OU TRANSVERSALE,410,"Protection de l’environnement, général",41081,Éducation et formation environnementales,,,4.2.2
400,DESTINATION  PLURI-SECTO-RIELLE OU TRANSVERSALE,410,"Protection de l’environnement, général",41082,Recherche environnementale,"Y compris établissement de bases de données, inventaires et estimations des ressources naturelles et physiques ; profils environnementaux et études d’impact lorsque le secteur ne peut être déterminé.",,4.2.2
400,DESTINATION  PLURI-SECTO-RIELLE OU TRANSVERSALE,430,Autres multi secteurs,43010,Aide plurisectorielle,,,0
400,DESTINATION  PLURI-SECTO-RIELLE OU TRANSVERSALE,430,Autres multi secteurs,43030,Développement et gestion urbaine,"Projets intégrés de développement urbain ; développement local et gestion urbaine ; infrastructure et services urbains ; gestion municipale ; gestion de l’environnement urbain ; planification ; rénovation urbaine, habitat ; informations sur l’occupation des sols.",,0
400,DESTINATION  PLURI-SECTO-RIELLE OU TRANSVERSALE,430,Autres multi secteurs,43031,Administration de l'aménagement du territoire,,43040,5.4.6
400,DESTINATION  PLURI-SECTO-RIELLE OU TRANSVERSALE,430,Autres multi secteurs,43032,Développement rural,,43040,5.4.7
400,DESTINATION  PLURI-SECTO-RIELLE OU TRANSVERSALE,430,Autres multi secteurs,43040,Développement rural,"Projets intégrés de développement rural, par exemple, planification du développement régional ; encouragement à la décentralisation des compétences plurisectorielles concernant la planification, la coordination et la gestion ; mise en œuvre du développement régional et des mesures d’accompagnement (telle que gestion des ressources naturelles) ; gestion et planification des terres ; peuplement des terres et activités de réinstallation des peuples [à l’exclusion de la réinstallation des réfugiés et des personnes déplacées à l’intérieur du pays (72030)] projets d’intégration des zones rurales et urbaines ; systèmes d’information des zones géographiques.",,0
400,DESTINATION  PLURI-SECTO-RIELLE OU TRANSVERSALE,430,Autres multi secteurs,43041,Urban land policy and management,,43030,5.4.13
400,DESTINATION  PLURI-SECTO-RIELLE OU TRANSVERSALE,430,Autres multi secteurs,43042,Développement urbain,,43030,5.4.8
400,DESTINATION  PLURI-SECTO-RIELLE OU TRANSVERSALE,430,Autres multi secteurs,43050,Développement alternatif non agricole,"Projets visant à réduire les cultures illicites (drogue) à travers, par exemple, des activités créatrices de revenu non agricoles, des infrastructures sociales et physiques (voir code 31165 pour le développement alternatif agricole).",,
400,DESTINATION  PLURI-SECTO-RIELLE OU TRANSVERSALE,430,Autres multi secteurs,43081,Éducation et formation plurisectorielles,Y compris les bourses.,,0
400,DESTINATION  PLURI-SECTO-RIELLE OU TRANSVERSALE,430,Autres multi secteurs,43082,Institutions scientifiques et de recherche,Quand le secteur ne peut être déterminé.,,0
500,AIDE-PROGRAMME ET AIDE SOUS FORME DE PRODUITS,510,Soutien budgétaire,51010,Aide relative au soutien budgétaire général,"Contributions au budget du gouvernement non réservées ; soutien à la mise en œuvre des réformes macroéconomiques (programmes d’ajustement structurel, stratégies de réduction de la pauvreté) ; y compris l’aide-programme générale (ne pouvant être ventilée par secteur).",,0
500,AIDE-PROGRAMME ET AIDE SOUS FORME DE PRODUITS,520,Aide alimentaire à des fins de développement/aide à la sécurité alimentaire,52010,Programmes de sécurité et d’aide alimentaire,"Fourniture nationale ou internationale de produits alimentaires y compris frais de transport ; paiements comptants pour la fourniture de produits alimentaires ; projets d’aide alimentaire et aide alimentaire destinée à la vente quand le secteur bénéficiaire ne peut être précisé ; à l’exclusion de l’aide alimentaire d’urgence.

Notifier comme multilatéral : i) l'aide alimentaire consentie par l’UE et financée sur son budget propre puis répartie entre les États membres au pro rata de leur contribution à ce budget ; et ii) les contributions au budget central du PAM.
",,0
500,AIDE-PROGRAMME ET AIDE SOUS FORME DE PRODUITS,530,Aide sous forme de produits : autre,53030,Subventions à l’importation (biens d’équipement),Biens d’équipement et services ; lignes de crédit.,,0
500,AIDE-PROGRAMME ET AIDE SOUS FORME DE PRODUITS,530,Aide sous forme de produits : autre,53040,Subventions à l’importation (produits),"Produits, biens d’ordre général, importations de pétrole.",,0
600,ACTIONS SE RAPPORTANT À LA DETTE,,,60010,Action se rapportant à la dette,Actions non spécifiées ci-dessous.,,0
600,ACTIONS SE RAPPORTANT À LA DETTE,,,60020,Annulation de la dette,,,0
600,ACTIONS SE RAPPORTANT À LA DETTE,,,60030,Allégement de la dette multilatérale,Dons ou prêts affectés au remboursement d’échéances dues à des institutions financières multilatérales ; y compris les contributions au fonds spécial pour les PPTE.,,0
600,ACTIONS SE RAPPORTANT À LA DETTE,,,60040,Rééchelonnement d’échéances et refinancement,,,0
600,ACTIONS SE RAPPORTANT À LA DETTE,,,60061,Échange de dette à des fins de développement,"Affectation de créances à des fins de développement (par exemple dette pour l’éducation, dette pour l’environnement, etc.)",,0
600,ACTIONS SE RAPPORTANT À LA DETTE,,,60062,Autres échanges de dette,"Lorsque l’échange de dette profite à un agent extérieur, i.e. n’est pas spécifiquement opéré à des fins de développement.",,0
600,ACTIONS SE RAPPORTANT À LA DETTE,,,60063,Rachat de la dette,Achat de la dette en vue de son annulation.,,0
700,AIDE HUMANITAIRE,720,Intervention d’urgence,72010,Assistance matérielle et services d’urgence,"Fourniture d’abris, d’eau, d’installations sanitaires et de services de santé, de médicaments et d’autres secours non alimentaires dans le but d’aider les populations affectées et de faciliter le retour à une vie et des moyens d’existence normaux ; aide aux personnes déplacées à l’intérieur d’un pays à des fins autres qu’alimentaires (72040) ou de protection (72050).",,0
700,AIDE HUMANITAIRE,720,Intervention d’urgence,72011,Secours d'urgence,,72010,5.4.10
700,AIDE HUMANITAIRE,720,Intervention d’urgence,72012,Soutien aux réfugiés et déplacés internes,,72010,5.4.12
700,AIDE HUMANITAIRE,720,Intervention d’urgence,72040,Aide alimentaire d’urgence ,Aide alimentaire pour distribution gratuite ou programmes alimentaires complémentaires ; soutien à court terme aux populations affectées par des catastrophes. Sont exclus les programmes non urgents de sécurité et d’aide alimentaire (52010).,,5.4.10
700,AIDE HUMANITAIRE,720,Intervention d’urgence,72050,Coordination des secours et services de soutien et de protection,"Mesures visant à coordonner l’acheminement de l’aide humanitaire, y compris les moyens logistiques et les systèmes de communication ; mesures de promotion et de protection de la sécurité, du bien-être, de la dignité et de l’intégrité des civils et des personnes qui ne prennent plus part aux hostilités. (Les activités ayant pour but de protéger la sécurité des personnes et des biens par l’usage ou la démonstration de la force ne sont pas comptabilisables dans l’APD.)",,5.4.10
700,AIDE HUMANITAIRE,730,Reconstruction et réhabilitation,73010,Aide à la reconstruction et réhabilitation,"Travaux de reconstruction à court terme après une urgence ou un conflit limités à la remise en état des infrastructures préexistantes (par exemple, réparation ou construction de routes, de ponts ou de ports, restauration des services essentiels concernant, par exemple, l’eau et l’assainissement, les abris, les soins de santé) ; réhabilitation sociale et économique après des situations d’urgence pour faciliter la transition et permettre aux populations touchées de retrouver leurs moyens d’existence antérieurs ou d’en trouver de nouveaux au sortir d’une situation d’urgence (par exemple, conseils et traitements en vue d’aider à surmonter les traumatismes subis, programmes d’emploi).",,5.4.11
700,AIDE HUMANITAIRE,740,Prévention des catastrophes et préparation à leur survenue,74010,Prévention des catastrophes et préparation à leur survenue,"Activités visant à réduire les risques liés aux catastrophes (par exemple développement des connaissances, établissement d’une cartographie des risques naturels, de normes juridiques pour les constructions) ; systèmes d’alerte précoce, stocks d’urgence et planification d’urgence, y compris préparation à une évacuation.",,5.4.11
910,FRAIS ADMINISTRATIFS DES DONNEURS,,,91010,Frais administratifs (non alloués par secteur),,,0
910,FRAIS ADMINISTRATIFS DES DONNEURS,,,91011,"Politiques, planification et administration",,91010,6.1.1
910,FRAIS ADMINISTRATIFS DES DONNEURS,,,91012,Services de personnel technique,,91010,6.1.2
910,FRAIS ADMINISTRATIFS DES DONNEURS,,,91013,Other administrative costs,,91010,0
930,REFUGIES DANS LE PAYS DONNEUR,,,93010,Réfugiés dans le pays donneur (non alloués par secteur),,,0
998,NON AFFECTE/ NON SPECIFIE,,,99810,Secteur non spécifié,Les contributions au développement général du pays bénéficiaire devraient être incluses dans l’aide programme (51010).,,0
998,NON AFFECTE/ NON SPECIFIE,,,99820,Sensibilisation au développement (non alloués par secteur),"Dépenses dans le pays donneur afin de renforcer la sensibilisation et l’intérêt dans la coopération pour le développement (brochures, exposés, projets spéciaux de recherche, etc.).",,0
